user_id,token,datetime
0,abc123,2023-10-08 03:12:05
1,ppf803,2023-10-08 03:12:05
2,hdr958,2023-10-08 03:12:05
3,ybe965,2023-10-08 03:12:05
4,nng356,2023-10-08 03:12:32
5,npf573,2023-10-08 03:12:32
6,efk326,2023-10-08 03:12:32
7,yde884,2023-10-08 03:12:32
8,hyr269,2023-10-08 03:13:31
9,knd838,2023-10-08 03:13:52
10,bxd718,2023-10-08 03:13:52
11,zsb028,2023-10-08 03:14:12
12,pog142,2023-10-08 03:19:14
13,cfa550,2023-10-08 03:19:14
14,bxh549,2023-10-08 03:19:14
15,dtx179,2023-10-08 03:19:14
16,omr398,2023-10-08 03:20:31
17,zpp373,2023-10-08 03:20:46
18,pfn500,2023-10-08 03:20:58
19,hag160,2023-10-08 03:21:37
20,qqh594,2023-10-08 03:33:10
21,oap436,2023-10-08 03:33:11
22,hbc208,2023-10-08 03:36:09
23,odo820,2023-10-08 03:36:11
24,tzt859,2023-10-08 03:37:39
25,nxp869,2023-10-08 03:38:03
26,ase125,2023-10-08 03:38:03
27,qzy636,2023-10-08 03:38:03
28,bbb937,2023-10-08 03:38:45
29,mrn601,2023-10-08 03:38:45
30,tmy013,2023-10-08 03:39:01
31,okk083,2023-10-08 03:39:07
32,ttn481,2023-10-08 03:39:08
33,yen514,2023-10-08 03:39:08
34,eth073,2023-10-08 03:39:08
35,noo974,2023-10-08 03:39:08
36,hta150,2023-10-08 03:39:13
37,ofz926,2023-10-08 03:39:24
38,rhp733,2023-10-08 03:39:51
39,tqq982,2023-10-08 03:40:49
40,adr552,2023-10-08 03:40:50
41,omy152,2023-10-08 03:41:30
42,kpe584,2023-10-08 03:42:54
43,nhr822,2023-10-08 03:44:20
44,pfx690,2023-10-08 03:45:24
45,mnb724,2023-10-08 03:45:24
46,xoq150,2023-10-08 03:47:07
47,kah188,2023-10-08 03:47:07
48,bdq979,2023-10-08 03:48:17
49,atz694,2023-10-08 03:49:37
50,ago143,2023-10-08 03:49:38
51,yff885,2023-10-08 03:49:54
52,gpm764,2023-10-08 03:51:31
53,nby133,2023-10-08 03:52:16
54,tog092,2023-10-08 03:52:30
55,xmq165,2023-10-08 03:52:46
56,oas477,2023-10-08 03:52:46
57,boh377,2023-10-08 03:53:39
58,ayy873,2023-10-08 03:56:31
59,zkb268,2023-10-08 03:57:00
60,fgg866,2023-10-08 03:57:01
61,bgd897,2023-10-08 03:58:06
62,bak760,2023-10-08 03:58:07
63,gaq350,2023-10-08 03:59:01
64,cfg472,2023-10-08 04:01:50
65,fqa421,2023-10-08 04:01:50
66,xhe652,2023-10-08 04:03:53
67,rbm539,2023-10-08 04:03:53
68,fdb444,2023-10-08 04:08:56
69,dyn835,2023-10-08 04:08:56
70,hcy547,2023-10-08 04:09:32
71,byq387,2023-10-08 04:10:04
72,pzn053,2023-10-08 04:10:05
73,yya194,2023-10-08 04:11:57
74,nat833,2023-10-08 04:11:57
75,xty872,2023-10-08 04:12:27
76,hpp650,2023-10-08 04:12:28
77,ynz376,2023-10-08 04:12:43
78,gnx964,2023-10-08 04:12:44
79,csa672,2023-10-08 04:14:14
80,orh776,2023-10-08 04:14:14
81,dse695,2023-10-08 04:14:15
82,ekp548,2023-10-08 04:14:38
83,ncc019,2023-10-08 04:14:38
84,ybf213,2023-10-08 04:14:38
85,zyc340,2023-10-08 04:16:19
86,fgs326,2023-10-08 04:16:20
87,hcx960,2023-10-08 04:16:52
88,ahf716,2023-10-08 04:16:52
89,nsh520,2023-10-08 04:16:52
90,zmn626,2023-10-08 04:17:51
91,ccc126,2023-10-08 04:17:51
92,csk138,2023-10-08 04:17:52
93,ghr927,2023-10-08 04:18:03
94,nmf145,2023-10-08 04:18:03
95,eza882,2023-10-08 04:18:03
96,qrf758,2023-10-08 04:18:29
97,mfe121,2023-10-08 04:18:30
98,oax535,2023-10-08 04:19:09
99,too859,2023-10-08 04:19:11
100,gpc590,2023-10-08 04:19:13
101,zar895,2023-10-08 04:24:50
102,yed089,2023-10-08 04:24:50
103,hkf759,2023-10-08 04:24:50
104,ayt188,2023-10-08 04:24:51
105,fyp698,2023-10-08 04:25:20
106,yrh041,2023-10-08 04:25:20
107,ynb653,2023-10-08 04:30:29
108,dkm700,2023-10-08 04:30:29
109,cex207,2023-10-08 04:30:30
110,pon514,2023-10-08 04:30:57
111,btq039,2023-10-08 04:30:57
112,dzc556,2023-10-08 04:30:58
113,yxf587,2023-10-08 04:32:45
114,eqd850,2023-10-08 04:32:45
115,src101,2023-10-08 04:32:46
116,reg495,2023-10-08 04:33:10
117,nqq873,2023-10-08 04:33:21
118,bsn002,2023-10-08 04:33:33
119,fez146,2023-10-08 04:33:33
120,azm516,2023-10-08 04:33:34
121,rtq970,2023-10-08 04:34:49
122,gzz361,2023-10-08 04:34:49
123,dzs639,2023-10-08 04:34:57
124,moq929,2023-10-08 04:34:58
125,psg071,2023-10-08 04:38:04
126,xhg203,2023-10-08 04:38:04
127,cst124,2023-10-08 04:38:05
128,chf791,2023-10-08 04:39:21
129,nry010,2023-10-08 04:39:21
130,rex728,2023-10-08 04:39:21
131,rco013,2023-10-08 04:39:31
132,dna637,2023-10-08 04:40:55
133,eys934,2023-10-08 04:40:56
134,axs951,2023-10-08 04:41:04
135,bry601,2023-10-08 04:41:53
136,eyb736,2023-10-08 04:41:53
137,rqb541,2023-10-08 04:41:54
138,qob301,2023-10-08 04:41:58
139,mre105,2023-10-08 04:42:11
140,apq887,2023-10-08 04:46:41
141,rtb080,2023-10-08 04:46:42
142,gef035,2023-10-08 04:47:35
143,frx965,2023-10-08 04:47:35
144,bxk348,2023-10-08 04:47:35
145,zmp949,2023-10-08 04:47:36
146,hrq962,2023-10-08 04:47:51
147,opg190,2023-10-08 04:48:08
148,mys002,2023-10-08 04:49:56
149,src213,2023-10-08 04:49:57
150,rah417,2023-10-08 04:49:57
151,epz853,2023-10-08 04:49:57
152,ksh891,2023-10-08 04:49:57
153,hqb733,2023-10-08 04:50:24
154,ceo828,2023-10-08 04:51:33
155,gnq853,2023-10-08 04:51:33
156,hnc567,2023-10-08 04:51:51
157,khd092,2023-10-08 04:51:51
158,xfb901,2023-10-08 04:51:51
159,tsx252,2023-10-08 04:52:14
160,seg445,2023-10-08 04:52:53
161,cdx766,2023-10-08 04:52:53
162,aqo877,2023-10-08 04:53:30
163,dnm892,2023-10-08 04:53:31
164,cnb586,2023-10-08 04:53:31
165,dam719,2023-10-08 04:54:46
166,kfd889,2023-10-08 04:57:03
167,mdg184,2023-10-08 04:57:03
168,yte554,2023-10-08 04:59:45
169,fmz543,2023-10-08 04:59:45
170,thz683,2023-10-08 04:59:53
171,fcy572,2023-10-08 04:59:56
172,txf692,2023-10-08 04:59:58
173,cbm837,2023-10-08 05:00:05
174,krb242,2023-10-08 05:00:06
175,rde498,2023-10-08 05:00:08
176,zcd521,2023-10-08 05:00:40
177,gec765,2023-10-08 05:02:04
178,key728,2023-10-08 05:02:26
179,nao970,2023-10-08 05:02:26
180,fnc052,2023-10-08 05:03:08
181,drz857,2023-10-08 05:03:09
182,ome035,2023-10-08 05:03:10
183,qrk609,2023-10-08 05:03:19
184,pzb072,2023-10-08 05:11:32
185,set953,2023-10-08 05:11:33
186,hge822,2023-10-08 05:11:42
187,qpe306,2023-10-08 05:11:55
188,yqs884,2023-10-08 05:12:11
189,czk241,2023-10-08 05:12:12
190,pgf468,2023-10-08 05:13:04
191,msc613,2023-10-08 05:13:04
192,ots148,2023-10-08 05:13:05
193,oop297,2023-10-08 05:13:13
194,con204,2023-10-08 05:13:30
195,pah572,2023-10-08 05:13:30
196,ksf051,2023-10-08 05:13:30
197,oot602,2023-10-08 05:14:02
198,ezm153,2023-10-08 05:14:03
199,qtx200,2023-10-08 05:14:03
200,gax251,2023-10-08 05:15:13
201,oct420,2023-10-08 05:15:13
202,roy169,2023-10-08 05:17:00
203,dxh021,2023-10-08 05:17:00
204,fqz212,2023-10-08 05:18:43
205,asz641,2023-10-08 05:18:43
206,zyo484,2023-10-08 05:18:52
207,fob500,2023-10-08 05:20:27
208,qoh903,2023-10-08 05:31:54
209,hze625,2023-10-08 05:31:55
